Artist,Album,Title,Genre,Comments,music_folder,image_folder
Frank Sinatra,Platinum Selection,Come Fly With Me,"Vocal Jazz, Pop",Freak37,/songs/01 - Come Fly With Me.mp3,/image/cover-0.jpg
Ed Sheeran,÷,Eraser,,Freak37,/songs/01 - Eraser.mp3,/image/cover-1.jpg
Dua Lipa,Dua Lipa,Genesis,Indie Pop / Pop,Hunter,/songs/01 - Genesis.mp3,/image/cover-2.jpg
Coldplay,Greatest Songs,Hymn For The Weekend,Rock / (131),https://musicriders.blogspot.com (or) Mega Zone Riders,/songs/01 - Hymn For The Weekend.mp3,/image/cover-3.jpg
One Direction,Take Me Home,Live While We're Young,Pop,,/songs/01 - Live While We're Young.mp3,/image/cover-4.jpg
The Beatles,Abbey Road (Remastered),Come Together,(17)Rock,,/songs/01 come together.mp3,
Camila Cabello,Familia,Familia,Pop,,/songs/01 Familia.mp3,/image/cover-6.jpg
Snow Patrol,Greatest Hits,The Lightning Strike (What If This Storm Ends?),Alternative,,/songs/01 Snow Patrol - The Lightning Strike (What If This Storm Ends-).mp3,/image/cover-7.jpg
Harry Styles,Fine Line,Golden,Pop,www.t.me/pmedia_music,/songs/01. Golden.mp3,/image/cover-8.jpg
Imagine Dragons,Origins (Deluxe),Natural,Alternative,Freak37,/songs/01. Natural.mp3,/image/cover-9.jpg
Oasis,Oasis - Greatest Hits CD1,Rock 'N' Roll Star,,,/songs/01. Rock 'N' Roll Star.mp3,
Camila Cabello,Romance,Shameless,Pop,Freak37,/songs/01. Shameless.mp3,/image/cover-11.jpg
Snoop Dogg,BODR,Still Smokin,,PMEDIA,/songs/01. Still Smokin.mp3,/image/cover-12.jpg
Ed Sheeran,=,Tides,,PMEDIA,/songs/01. Tides.mp3,/image/cover-13.jpg
John Mayer,Essentials,Waiting On the World to Change,Pop,www.t.me/pmedia_music,/songs/01. Waiting On the World to Change.mp3,/image/cover-14.jpg
Nirvana,Greatest Hits,You Know You're Right,Grunge,,/songs/01.You Know You're Right.mp3,/image/cover-15.jpg
Ed Sheeran,÷,Castle on the Hill,,Freak37,/songs/02 - Castle on the Hill.mp3,/image/cover-16.jpg
Frank Sinatra,Platinum Selection,"Hello, Young Lovers","Vocal Jazz, Pop",Freak37,"/songs/02 - Hello, Young Lovers.mp3",/image/cover-17.jpg
One Direction,Take Me Home,Kiss You,Pop,,/songs/02 - Kiss You.mp3,/image/cover-18.jpg
Dua Lipa,Dua Lipa,Lost In Your Light (feat. Miguel),Indie Pop / Pop,Hunter,/songs/02 - Lost In Your Light (feat. Miguel).mp3,/image/cover-19.jpg
Coldplay,Greatest Songs,Viva La Vida,Rock / (131),https://musicriders.blogspot.com (or) Mega Zone Riders,/songs/02 - Viva La Vida.mp3,/image/cover-20.jpg
Camila Cabello,Familia,Celia,Pop,,/songs/02 Celia.mp3,/image/cover-21.jpg
The Beatles,Rubber Soul (Remastered),Drive My Car,(17)Rock,,/songs/02 drive my car.mp3,
Snow Patrol,Greatest Hits,Chasing Cars,Alternative,,/songs/02 Snow Patrol - Chasing Cars.mp3,/image/cover-23.jpg
Imagine Dragons,Origins (Deluxe),Boomerang,Alternative,Freak37,/songs/02. Boomerang.mp3,/image/cover-24.jpg
Snoop Dogg,BODR,Gun Smoke,,PMEDIA,/songs/02. Gun Smoke.mp3,/image/cover-25.jpg
Camila Cabello,Romance,Living Proof,Pop,Freak37,/songs/02. Living Proof.mp3,/image/cover-26.jpg
Oasis,Oasis - Greatest Hits CD1,Shakermaker,,,/songs/02. Shakermaker.mp3,
Ed Sheeran,=,Shivers,,PMEDIA,/songs/02. Shivers.mp3,/image/cover-28.jpg
Harry Styles,Fine Line,Watermelon Sugar,Pop,www.t.me/pmedia_music,/songs/02. Watermelon Sugar.mp3,/image/cover-29.jpg
John Mayer,Essentials,Your Body Is a Wonderland,Pop,www.t.me/pmedia_music,/songs/02. Your Body Is a Wonderland.mp3,/image/cover-30.jpg
Nirvana,Greatest Hits,About A Girl,Grunge,,/songs/02.About A Girl.mp3,/image/cover-31.jpg
Coldplay,Greatest Songs,A Sky Full of Stars,Rock / (131),https://musicriders.blogspot.com (or) Mega Zone Riders,/songs/03 - A Sky Full of Stars.mp3,/image/cover-32.jpg
Ed Sheeran,÷,Dive,,Freak37,/songs/03 - Dive.mp3,/image/cover-33.jpg
Dua Lipa,Dua Lipa,Hotter Than Hell,Indie Pop / Pop,Hunter,/songs/03 - Hotter Than Hell.mp3,/image/cover-34.jpg
One Direction,Take Me Home,Little Things,Pop,,/songs/03 - Little Things.mp3,/image/cover-35.jpg
Frank Sinatra,Platinum Selection,London By Night,"Vocal Jazz, Pop",Freak37,/songs/03 - London By Night.mp3,/image/cover-36.jpg
The Beatles,Help! (Remastered),Help!,(17)Rock,,/songs/03 help!.mp3,
Camila Cabello,Familia,psychofreak (feat. WILLOW),Pop,,/songs/03 psychofreak (feat. WILLOW).mp3,/image/cover-38.jpg
Snow Patrol,Greatest Hits,Run,Alternative,,/songs/03 Snow Patrol - Run.mp3,/image/cover-39.jpg
Harry Styles,Fine Line,Adore You,Pop,www.t.me/pmedia_music,/songs/03. Adore You.mp3,/image/cover-40.jpg
Snoop Dogg,BODR,Coming Back (feat. October London & Nefertitti Avani),,PMEDIA,/songs/03. Coming Back (feat. October London & Nefertitti Avani).mp3,/image/cover-41.jpg
John Mayer,Essentials,Daughters,Rock,www.t.me/pmedia_music,/songs/03. Daughters.mp3,/image/cover-42.jpg
Ed Sheeran,=,First Times,,PMEDIA,/songs/03. First Times.mp3,/image/cover-43.jpg
Imagine Dragons,Origins (Deluxe),Machine,Alternative,Freak37,/songs/03. Machine.mp3,/image/cover-44.jpg
,Oasis - Greatest Hits CD2,Oasis  Rockin' Chair,,,/songs/03. Oasis  Rockin' Chair.mp3,
Camila Cabello,Romance,Should've Said it,Pop,Freak37,/songs/03. Should've Said it.mp3,/image/cover-46.jpg
Nirvana,Greatest Hits,Been A Son,Grunge,,/songs/03.Been A Son.mp3,/image/cover-47.jpg
Dua Lipa,Dua Lipa,Be The One,Indie Pop / Pop,Hunter,/songs/04 - Be The One.mp3,/image/cover-48.jpg
One Direction,Take Me Home,"C'mon, C'mon",Pop,,"/songs/04 - C'mon, C'mon.mp3",/image/cover-49.jpg
Frank Sinatra,Platinum Selection,I’m A Fool To Want You,"Vocal Jazz, Pop",Freak37,/songs/04 - I'm A Fool To Want You.mp3,/image/cover-50.jpg
Ed Sheeran,÷,Shape of You,,Freak37,/songs/04 - Shape of You.mp3,/image/cover-51.jpg
Coldplay,Greatest Songs,Violet Hill,Rock / (131),https://musicriders.blogspot.com (or) Mega Zone Riders,/songs/04 - Violet Hill.mp3,/image/cover-52.jpg
Camila Cabello,Familia,Bam Bam (feat. Ed Sheeran),Pop,,/songs/04 Bam Bam (feat. Ed Sheeran).mp3,/image/cover-53.jpg
The Beatles,Please Please Me (Remastered),I Saw Her Standing There,(17)Rock,,/songs/04 i saw her standing there.mp3,
Snow Patrol,Greatest Hits,Set the Fire To the Third Bar (feat. Martha Wainwright),Alternative,,/songs/04 Snow Patrol - Set the Fire To the Third Bar (feat. Martha Wainwright).mp3,/image/cover-55.jpg
Ed Sheeran,=,Bad Habits,,PMEDIA,/songs/04. Bad Habits.mp3,/image/cover-56.jpg
Imagine Dragons,Origins (Deluxe),Cool Out,Alternative,Freak37,/songs/04. Cool Out.mp3,/image/cover-57.jpg
Harry Styles,Fine Line,Lights Up,Pop,www.t.me/pmedia_music,/songs/04. Lights Up.mp3,/image/cover-58.jpg
John Mayer,Essentials,New Light,Pop,www.t.me/pmedia_music,/songs/04. New Light.mp3,/image/cover-59.jpg
,Oasis - Greatest Hits CD2,Oasis  Go Let It Out!,,,/songs/04. Oasis  Go Let It Out!.mp3,
Snoop Dogg,BODR,Sandwich Bag,,PMEDIA,/songs/04. Sandwich Bag.mp3,/image/cover-61.jpg
Camila Cabello,Romance,Senorita (Feat. Shawn Mendes),Pop,Freak37,/songs/04. Senorita (Feat. Shawn Mendes).mp3,/image/cover-62.jpg
Nirvana,Greatest Hits,Sliver,Grunge,,/songs/04.Sliver.mp3,/image/cover-63.jpg
Dua Lipa,Dua Lipa,IDGAF,Indie Pop / Pop,Hunter,/songs/05 - IDGAF.mp3,/image/cover-64.jpg
One Direction,Take Me Home,Last First Kiss,Pop,,/songs/05 - Last First Kiss.mp3,/image/cover-65.jpg
Frank Sinatra,Platinum Selection,Lean Baby,"Vocal Jazz, Pop",Freak37,/songs/05 - Lean Baby.mp3,/image/cover-66.jpg
Ed Sheeran,÷,Perfect,,Freak37,/songs/05 - Perfect.mp3,/image/cover-67.jpg
Coldplay,Greatest Songs,Princess of China,Rock / (131),https://musicriders.blogspot.com (or) Mega Zone Riders,/songs/05 - Princess of China.mp3,/image/cover-68.jpg
Camila Cabello,Familia,La Buena Vida,Pop,,/songs/05 La Buena Vida.mp3,/image/cover-69.jpg
The Beatles,Magical Mystery Tour (Remastered),Magical Mystery Tour,(17)Rock,,/songs/05 magical mystery tour.mp3,
Snow Patrol,Greatest Hits,Called Out In the Dark,Alternative,,/songs/05 Snow Patrol - Called Out In the Dark.mp3,/image/cover-71.jpg
Imagine Dragons,Origins (Deluxe),Bad Liar,Alternative,Freak37,/songs/05. Bad Liar.mp3,/image/cover-72.jpg
Harry Styles,Fine Line,Cherry,Pop,www.t.me/pmedia_music,/songs/05. Cherry.mp3,/image/cover-73.jpg
Oasis,Oasis - Greatest Hits CD1,Cigarettes & Alcohol,,,/songs/05. Cigarettes & Alcohol.mp3,
Snoop Dogg,BODR,Conflicted (feat. Nas),,PMEDIA,/songs/05. Conflicted (feat. Nas).mp3,/image/cover-75.jpg
Camila Cabello,Romance,Liar,Pop,Freak37,/songs/05. Liar.mp3,/image/cover-76.jpg
John Mayer,Essentials,No Such Thing,Pop,www.t.me/pmedia_music,/songs/05. No Such Thing.mp3,/image/cover-77.jpg
Ed Sheeran,=,Overpass Graffiti,,PMEDIA,/songs/05. Overpass Graffiti.mp3,/image/cover-78.jpg
Nirvana,Greatest Hits,Smells Like Teen Spirit,Grunge,,/songs/05.Smells Like Teen Spirit.mp3,/image/cover-79.jpg
Dua Lipa,Dua Lipa,Blow Your Mind (Mwah),Indie Pop / Pop,Hunter,/songs/06 - Blow Your Mind (Mwah).mp3,/image/cover-80.jpg
Coldplay,Greatest Songs,Charlie Brown,Rock / (131),https://musicriders.blogspot.com (or) Mega Zone Riders,/songs/06 - Charlie Brown.mp3,/image/cover-81.jpg
Frank Sinatra,Platinum Selection,From Here To Eternity,"Vocal Jazz, Pop",Freak37,/songs/06 - From Here To Eternity.mp3,/image/cover-82.jpg
Ed Sheeran,÷,Galway Girl,,Freak37,/songs/06 - Galway Girl.mp3,/image/cover-83.jpg
One Direction,Take Me Home,Heart Attack,Pop,,/songs/06 - Heart Attack.mp3,/image/cover-84.jpg
The Beatles,Beatles For Sale (Remastered),No Reply,(17)Rock,,/songs/06 no reply.mp3,
Camila Cabello,Familia,Quiet,Pop,,/songs/06 Quiet.mp3,/image/cover-86.jpg
Snow Patrol,Greatest Hits,Chocolate,Alternative,,/songs/06 Snow Patrol - Chocolate.mp3,/image/cover-87.jpg
Camila Cabello,Romance,Bad Kind Of Butterflies,Pop,Freak37,/songs/06. Bad Kind Of Butterflies.mp3,/image/cover-88.jpg
Snoop Dogg,BODR,Daddy (feat. Emo Trap),,PMEDIA,/songs/06. Daddy (feat. Emo Trap).mp3,/image/cover-89.jpg
Harry Styles,Fine Line,Falling,Pop,www.t.me/pmedia_music,/songs/06. Falling.mp3,/image/cover-90.jpg
John Mayer,Essentials,Heartbreak Warfare,Rock,www.t.me/pmedia_music,/songs/06. Heartbreak Warfare.mp3,/image/cover-91.jpg
,Oasis - Greatest Hits CD2,Oasis  Sunday Morning Call,,,/songs/06. Oasis  Sunday Morning Call.mp3,
Ed Sheeran,=,The Joker And The Queen,,PMEDIA,/songs/06. The Joker And The Queen.mp3,/image/cover-93.jpg
Imagine Dragons,Origins (Deluxe),West Coast,Alternative,Freak37,/songs/06. West Coast.mp3,/image/cover-94.jpg
Oasis,Oasis - Greatest Hits CD1,Whatever,,,/songs/06. Whatever.mp3,
Nirvana,Greatest Hits,Come As You Are,Grunge,,/songs/06.Come As You Are.mp3,/image/cover-96.jpg
Coldplay,Greatest Songs,Adventure Of A Lifetime,Rock / (131),https://musicriders.blogspot.com (or) Mega Zone Riders,/songs/07 - Adventure Of A Lifetime.mp3,/image/cover-97.jpg
Dua Lipa,Dua Lipa,Garden,Indie Pop / Pop,Hunter,/songs/07 - Garden.mp3,/image/cover-98.jpg
Ed Sheeran,÷,Happier,,Freak37,/songs/07 - Happier.mp3,/image/cover-99.jpg
Frank Sinatra,Platinum Selection,I’m Walking Behind You,"Vocal Jazz, Pop",Freak37,/songs/07 - I'm Walking Behind You.mp3,/image/cover-100.jpg
One Direction,Take Me Home,Rock Me,Pop,,/songs/07 - Rock Me.mp3,/image/cover-101.jpg
The Beatles,With The Beatles (Remastered),All My Loving,(17)Rock,,/songs/07 all my loving.mp3,
Camila Cabello,Familia,Boys Don't Cry,Pop,,/songs/07 Boys Don't Cry.mp3,/image/cover-103.jpg
Snow Patrol,Greatest Hits,Just Say Yes,Alternative,,/songs/07 Snow Patrol - Just Say Yes.mp3,/image/cover-104.jpg
Snoop Dogg,BODR,Doggystylin,,PMEDIA,/songs/07. Doggystylin.mp3,/image/cover-105.jpg
Camila Cabello,Romance,Easy,Pop,Freak37,/songs/07. Easy.mp3,/image/cover-106.jpg
John Mayer,Essentials,Gravity,Pop,www.t.me/pmedia_music,/songs/07. Gravity.mp3,/image/cover-107.jpg
Ed Sheeran,=,Leave Your Life,,PMEDIA,/songs/07. Leave Your Life.mp3,/image/cover-108.jpg
,Oasis - Greatest Hits CD2,Oasis  The Hindu Times,,,/songs/07. Oasis  The Hindu Times.mp3,
Oasis,Oasis - Greatest Hits CD1,Roll With It,,,/songs/07. Roll With It.mp3,
Harry Styles,Fine Line,To Be So Lonely,Pop,www.t.me/pmedia_music,/songs/07. To Be So Lonely.mp3,/image/cover-111.jpg
Imagine Dragons,Origins (Deluxe),Zero,Alternative,Freak37,/songs/07. Zero.mp3,/image/cover-112.jpg
Nirvana,Greatest Hits,Lithium,Grunge,,/songs/07.Lithium.mp3,/image/cover-113.jpg
One Direction,Take Me Home,Change My Mind,Pop,,/songs/08 - Change My Mind.mp3,/image/cover-114.jpg
Coldplay,Greatest Songs,In My Place,Rock / (131),https://musicriders.blogspot.com (or) Mega Zone Riders,/songs/08 - In My Place.mp3,/image/cover-115.jpg
Ed Sheeran,÷,New Man,,Freak37,/songs/08 - New Man.mp3,/image/cover-116.jpg
Dua Lipa,Dua Lipa,No Goodbyes,Indie Pop / Pop,Hunter,/songs/08 - No Goodbyes.mp3,/image/cover-117.jpg
Frank Sinatra,Platinum Selection,South Of The Border,"Vocal Jazz, Pop",Freak37,/songs/08 - South Of The Border.mp3,/image/cover-118.jpg
Camila Cabello,Familia,Hasta Los Dientes (feat. Maria Becerra),Pop,,/songs/08 Hasta Los Dientes (feat. Maria Be.mp3,/image/cover-119.jpg
The Beatles,Beatles For Sale (Remastered),Rock and Roll Music,(17)Rock,,/songs/08 rock and roll music.mp3,
Snow Patrol,Greatest Hits,Open Your Eyes,Alternative,,/songs/08 Snow Patrol - Open Your Eyes.mp3,/image/cover-121.jpg
Imagine Dragons,Origins (Deluxe),Bullet In A Gun,Alternative,Freak37,/songs/08. Bullet In A Gun.mp3,/image/cover-122.jpg
Ed Sheeran,=,Collide,,PMEDIA,/songs/08. Collide.mp3,/image/cover-123.jpg
Snoop Dogg,BODR,Crip Ya Enthusiasm,,PMEDIA,/songs/08. Crip Ya Enthusiasm.mp3,/image/cover-124.jpg
Camila Cabello,Romance,Feel It Twice,Pop,Freak37,/songs/08. Feel It Twice.mp3,/image/cover-125.jpg
John Mayer,Essentials,Love on the Weekend,"Pop, Rock",www.t.me/pmedia_music,/songs/08. Love on the Weekend.mp3,/image/cover-126.jpg
Harry Styles,Fine Line,She,Pop,www.t.me/pmedia_music,/songs/08. She.mp3,/image/cover-127.jpg
Nirvana,Greatest Hits,In Bloom,Grunge,,/songs/08.In Bloom.mp3,/image/cover-128.jpg
Ed Sheeran,÷,Hearts Don't Break Around Here,,Freak37,/songs/09 - Hearts Don't Break Around Here.mp3,/image/cover-129.jpg
One Direction,Take Me Home,I Would,Pop,,/songs/09 - I Would.mp3,/image/cover-130.jpg
Coldplay,Greatest Songs,The Scientist,Rock / (131),https://musicriders.blogspot.com (or) Mega Zone Riders,/songs/09 - The Scientist.mp3,/image/cover-131.jpg
Dua Lipa,Dua Lipa,Thinking 'Bout You,Indie Pop / Pop,Hunter,/songs/09 - Thinking 'Bout You.mp3,/image/cover-132.jpg
Frank Sinatra,Platinum Selection,Young At Heart,"Vocal Jazz, Pop",Freak37,/songs/09 - Young At Heart.mp3,/image/cover-133.jpg
The Beatles,A Hard Day's Night (Remastered),And I Love Her,(17)Rock,,/songs/09 and i love her.mp3,
Camila Cabello,Familia,No Doubt,Pop,,/songs/09 No Doubt.mp3,/image/cover-135.jpg
Snow Patrol,Greatest Hits,Shut Your Eyes,Alternative,,/songs/09 Snow Patrol - Shut Your Eyes.mp3,/image/cover-136.jpg
Ed Sheeran,=,2step,,PMEDIA,/songs/09. 2step.mp3,/image/cover-137.jpg
Imagine Dragons,Origins (Deluxe),Digital,Alternative,Freak37,/songs/09. Digital.mp3,/image/cover-138.jpg
Camila Cabello,Romance,Dream Of You,Pop,Freak37,/songs/09. Dream Of You.mp3,/image/cover-139.jpg
Snoop Dogg,BODR,Gotta Keep Pushing (feat. T.I. & Sleepy Brown),,PMEDIA,/songs/09. Gotta Keep Pushing (feat. T.I. & Sleepy Brown).mp3,/image/cover-140.jpg
,Oasis - Greatest Hits CD2,Oasis  Songbird,,,/songs/09. Oasis  Songbird.mp3,
John Mayer,Essentials,Say,Pop,www.t.me/pmedia_music,/songs/09. Say.mp3,/image/cover-142.jpg
Harry Styles,Fine Line,"Sunflower, Vol. 6",Pop,www.t.me/pmedia_music,"/songs/09. Sunflower, Vol. 6.mp3",/image/cover-143.jpg
Nirvana,Greatest Hits,Heart Shaped Box,Grunge,,/songs/09.Heart Shaped Box.mp3,/image/cover-144.jpg
The Chainsmokers;Emily Warren,100% Chainsmokers,Side Effects,Pop,,/songs/1 - The Chainsmokers - Side Effects.mp3,/image/cover-145.jpg
Taylor Swift,Essentials,Delicate,Pop,Freak37,/songs/1 Delicate.mp3,/image/cover-146.jpg
Calum Scott,Only Human (Deluxe),If Our Love Is Wrong,(13),https://musicriders.blogspot.com,/songs/1. If Our Love Is Wrong.mp3,/image/cover-147.jpg
Katy Perry,Smile (Deluxe),,Pop,Freak37,/songs/1. Never Really Over.mp3,/image/cover-148.jpg
Frank Sinatra,Platinum Selection,Learnin’ The Blues,"Vocal Jazz, Pop",Freak37,/songs/10 - Learnin' The Blues.mp3,/image/cover-149.jpg
Dua Lipa,Dua Lipa,New Rules,Indie Pop / Pop,Hunter,/songs/10 - New Rules.mp3,/image/cover-150.jpg
One Direction,Take Me Home,Over Again,Pop,,/songs/10 - Over Again.mp3,/image/cover-151.jpg
Coldplay,Greatest Songs,Something Just Like This,Rock / (131),https://musicriders.blogspot.com (or) Mega Zone Riders,/songs/10 - Something Just Like This.mp3,/image/cover-152.jpg
The Chainsmokers,100% Chainsmokers,Everybody Hates Me,Pop,,/songs/10 - The Chainsmokers - Everybody Hates Me.mp3,/image/cover-153.jpg
Ed Sheeran,÷,What Do I Know?,,Freak37,/songs/10 - What Do I Know.mp3,/image/cover-154.jpg
The Beatles,Yellow Submarine (Remastered),All You Need Is Love,(17)Rock,,/songs/10 all you need is love.mp3,
Taylor Swift,Essentials,Bad Blood,Pop,Freak37,/songs/10 Bad Blood.mp3,/image/cover-156.jpg
Camila Cabello,Familia,Don't Go Yet,Pop,,/songs/10 Don't Go Yet.mp3,/image/cover-157.jpg
Snow Patrol,Greatest Hits,Crack the Shutters,Alternative,,/songs/10 Snow Patrol - Crack the Shutters.mp3,/image/cover-158.jpg
Harry Styles,Fine Line,Canyon Moon,Pop,www.t.me/pmedia_music,/songs/10. Canyon Moon.mp3,/image/cover-159.jpg
Camila Cabello,Romance,Cry For Me,Pop,Freak37,/songs/10. Cry For Me.mp3,/image/cover-160.jpg
Katy Perry,Smile (Deluxe),,Pop,Freak37,/songs/10. Harleys In Hawaii.mp3,/image/cover-161.jpg
Snoop Dogg,BODR,House I Built,,PMEDIA,/songs/10. House I Built.mp3,/image/cover-162.jpg
Imagine Dragons,Origins (Deluxe),Only,Alternative,Freak37,/songs/10. Only.mp3,/image/cover-163.jpg
Oasis,Oasis - Greatest Hits CD1,Some Might Say,,,/songs/10. Some Might Say.mp3,
John Mayer,Essentials,Still Feel Like Your Man,Rock,www.t.me/pmedia_music,/songs/10. Still Feel Like Your Man.mp3,/image/cover-165.jpg
Ed Sheeran,=,Stop The Rain,,PMEDIA,/songs/10. Stop The Rain.mp3,/image/cover-166.jpg
Calum Scott,Only Human (Deluxe),What I Miss Most,(13),https://musicriders.blogspot.com,/songs/10. What I Miss Most.mp3,/image/cover-167.jpg
Nirvana,Greatest Hits,Pennyroyal Tea,Grunge,,/songs/10.Pennyroyal Tea.mp3,/image/cover-168.jpg
One Direction,Take Me Home,Back For You,Pop,,/songs/11 - Back For You.mp3,/image/cover-169.jpg
Dua Lipa,Dua Lipa,Begging,Indie Pop / Pop,Hunter,/songs/11 - Begging.mp3,/image/cover-170.jpg
Ed Sheeran,÷,How Would You Feel (Paean),,Freak37,/songs/11 - How Would You Feel (Paean).mp3,/image/cover-171.jpg
Frank Sinatra,Platinum Selection,I’ve Got You Under My Skin,"Vocal Jazz, Pop",Freak37,/songs/11 - I've Got You Under My Skin.mp3,/image/cover-172.jpg
Coldplay,Greatest Songs,Magic,Rock / (131),https://musicriders.blogspot.com (or) Mega Zone Riders,/songs/11 - Magic.mp3,/image/cover-173.jpg
The Chainsmokers;ROZES,100% Chainsmokers,Roses,Pop,,/songs/11 - The Chainsmokers - Roses.mp3,/image/cover-174.jpg
The Beatles,Magical Mystery Tour (Remastered),I Am The Walrus,(17)Rock,,/songs/11 i am the walrus.mp3,
Camila Cabello,Familia,Lola (feat. Yotuel),Pop,,/songs/11 Lola (feat. Yotuel).mp3,/image/cover-176.jpg
Snow Patrol,Greatest Hits,You Could Be Happy,Alternative,,/songs/11 Snow Patrol - You Could Be Happy.mp3,/image/cover-177.jpg
Taylor Swift,Essentials,Wildest Dreams,Pop,Freak37,/songs/11 Wildest Dreams.mp3,/image/cover-178.jpg
Calum Scott,Only Human (Deluxe),Hotel Room,(13),https://musicriders.blogspot.com,/songs/11. Hotel Room.mp3,/image/cover-179.jpg
Ed Sheeran,=,Love In Slow Motion,,PMEDIA,/songs/11. Love In Slow Motion.mp3,/image/cover-180.jpg
,Oasis - Greatest Hits CD2,Oasis  Lyla,,,/songs/11. Oasis  Lyla.mp3,
Katy Perry,Smile (Deluxe),,Pop,Freak37,/songs/11. Only Love.mp3,/image/cover-182.jpg
Snoop Dogg,BODR,Outside The Box (feat. Nate Dogg),,PMEDIA,/songs/11. Outside The Box (feat. Nate Dogg).mp3,/image/cover-183.jpg
Imagine Dragons,Origins (Deluxe),Stuck,Alternative,Freak37,/songs/11. Stuck.mp3,/image/cover-184.jpg
Camila Cabello,Romance,This Love,Pop,Freak37,/songs/11. This Love.mp3,/image/cover-185.jpg
Harry Styles,Fine Line,Treat People With Kindness,Pop,www.t.me/pmedia_music,/songs/11. Treat People With Kindness.mp3,/image/cover-186.jpg
John Mayer,Essentials,Why Georgia,Pop,www.t.me/pmedia_music,/songs/11. Why Georgia.mp3,/image/cover-187.jpg
Nirvana,Greatest Hits,Rape Me,Grunge,,/songs/11.Rape Me.mp3,/image/cover-188.jpg
Frank Sinatra,Platinum Selection,Both Sides Now,"Vocal Jazz, Pop",Freak37,/songs/12 - Both Sides Now.mp3,/image/cover-189.jpg
Dua Lipa,Dua Lipa,Homesick,Indie Pop / Pop,Hunter,/songs/12 - Homesick.mp3,/image/cover-190.jpg
Coldplay,Greatest Songs,Paradise,Rock / (131),https://musicriders.blogspot.com (or) Mega Zone Riders,/songs/12 - Paradise.mp3,/image/cover-191.jpg
Ed Sheeran,÷,Supermarket Flowers,,Freak37,/songs/12 - Supermarket Flowers.mp3,/image/cover-192.jpg
The Chainsmokers;Phoebe Ryan,100% Chainsmokers,All We Know,Pop,,/songs/12 - The Chainsmokers - All We Know.mp3,/image/cover-193.jpg
One Direction,Take Me Home,They Don't Know About Us,Pop,,/songs/12 - They Don't Know About Us.mp3,/image/cover-194.jpg
Camila Cabello,Familia,everyone at this party,Pop,,/songs/12 everyone at this party.mp3,/image/cover-195.jpg
Snow Patrol,Greatest Hits,Spitting Games,Alternative,,/songs/12 Snow Patrol - Spitting Games.mp3,/image/cover-196.jpg
Taylor Swift,Essentials,We Are Never Ever Getting Back Together,Pop,Freak37,/songs/12 We Are Never Ever Getting Back Together.mp3,/image/cover-197.jpg
The Beatles,Revolver (Remastered),Yellow Submarine,(17)Rock,,/songs/12 yellow subarine.mp3,
Oasis,Oasis - Greatest Hits CD1,Champagne Supernova,,,/songs/12. Champagne Supernova.mp3,
Harry Styles,Fine Line,Fine Line,Pop,www.t.me/pmedia_music,/songs/12. Fine Line.mp3,/image/cover-200.jpg
Calum Scott,Only Human (Deluxe),Good To You,(13),https://musicriders.blogspot.com,/songs/12. Good To You.mp3,/image/cover-201.jpg
Snoop Dogg,BODR,Jerseys In The Rafters (feat. The Game),,PMEDIA,/songs/12. Jerseys In The Rafters (feat. The Game).mp3,/image/cover-202.jpg
Imagine Dragons,Origins (Deluxe),Love,Alternative,Freak37,/songs/12. Love.mp3,/image/cover-203.jpg
,Oasis - Greatest Hits CD2,Oasis  The Importance Of Being Idle,,,/songs/12. Oasis  The Importance Of Being Idle.mp3,
John Mayer,Essentials,Slow Dancing in a Burning Room,Pop,www.t.me/pmedia_music,/songs/12. Slow Dancing in a Burning Room.mp3,/image/cover-205.jpg
Camila Cabello,Romance,Used To This,Pop,Freak37,/songs/12. Used To This.mp3,/image/cover-206.jpg
Ed Sheeran,=,Visiting Hours,,PMEDIA,/songs/12. Visiting Hours.mp3,/image/cover-207.jpg
Katy Perry,Smile (Deluxe),,Pop,Freak37,/songs/12. What Makes A Woman (Extended Version) (2).mp3,/image/cover-208.jpg
Nirvana,Greatest Hits,Dumb,Grunge,,/songs/12.Dumb.mp3,/image/cover-209.jpg
Ed Sheeran,÷,Barcelona,,Freak37,/songs/13 - Barcelona.mp3,/image/cover-210.jpg
Coldplay,Greatest Songs,Don't Panic,Rock / (131),https://musicriders.blogspot.com (or) Mega Zone Riders,/songs/13 - Don't Panic.mp3,/image/cover-211.jpg
Dua Lipa,Dua Lipa,Dreams,Indie Pop / Pop,Hunter,/songs/13 - Dreams.mp3,/image/cover-212.jpg
Frank Sinatra,Platinum Selection,I Get A Kick Out Of You,"Vocal Jazz, Pop",Freak37,/songs/13 - I Get A Kick Out Of You.mp3,/image/cover-213.jpg
One Direction,Take Me Home,Summer Love,Pop,,/songs/13 - Summer Love.mp3,/image/cover-214.jpg
The Chainsmokers,100% Chainsmokers,You Owe Me,Pop,,/songs/13 - The Chainsmokers - You Owe Me.mp3,/image/cover-215.jpg
Taylor Swift,Essentials,Mean,Pop,Freak37,/songs/13 Mean.mp3,/image/cover-216.jpg
Snow Patrol,Greatest Hits,Take Back the City,Alternative,,/songs/13 Snow Patrol - Take Back the City.mp3,/image/cover-217.jpg
The Beatles,Help! (Remastered),You're Going To Lose That Girl,(17)Rock,,/songs/13 your going to lose that girl.mp3,
Imagine Dragons,Origins (Deluxe),Birds,Alternative,Freak37,/songs/13. Birds.mp3,/image/cover-219.jpg
Oasis,Oasis - Greatest Hits CD1,D'You Know What I Mean,,,/songs/13. D'You Know What I Mean.mp3,
Camila Cabello,Romance,First Man,Pop,Freak37,/songs/13. First Man.mp3,/image/cover-221.jpg
Katy Perry,Smile (Deluxe),,Pop,Freak37,/songs/13. High On Your Supply.mp3,/image/cover-222.jpg
Calum Scott,Only Human (Deluxe),Not Dark Yet,(13),https://musicriders.blogspot.com,/songs/13. Not Dark Yet.mp3,/image/cover-223.jpg
,Oasis - Greatest Hits CD2,Oasis  Let There Be Love,,,/songs/13. Oasis  Let There Be Love.mp3,
Snoop Dogg,BODR,Pop Pop (feat. DaBaby),,PMEDIA,/songs/13. Pop Pop (feat. DaBaby).mp3,/image/cover-225.jpg
Ed Sheeran,=,Sandman,,PMEDIA,/songs/13. Sandman.mp3,/image/cover-226.jpg
John Mayer,Essentials,XO,"Alternative, Pop, Singer & Songwriter",www.t.me/pmedia_music,/songs/13. XO.mp3,/image/cover-227.jpg
Nirvana,Greatest Hits,All Apologies,Grunge,,/songs/13.All Apologies.mp3,/image/cover-228.jpg
Ed Sheeran,÷,Bibia Be Ye Ye,,Freak37,/songs/14 - Bibia Be Ye Ye.mp3,/image/cover-229.jpg
Coldplay,Greatest Songs,Fix You,Rock / (131),https://musicriders.blogspot.com (or) Mega Zone Riders,/songs/14 - Fix You.mp3,/image/cover-230.jpg
Frank Sinatra,Platinum Selection,In The Wee Small Hours,"Vocal Jazz, Pop",Freak37,/songs/14 - In The Wee Small Hours.mp3,/image/cover-231.jpg
Dua Lipa,Dua Lipa,Room For 2,Indie Pop / Pop,Hunter,/songs/14 - Room For 2.mp3,/image/cover-232.jpg
The Chainsmokers,100% Chainsmokers,Young,Pop,,/songs/14 - The Chainsmokers - Young.mp3,/image/cover-233.jpg
The Beatles,A Hard Day's Night (Remastered),Can't Buy Me Love,(17)Rock,,/songs/14 can't buy me love.mp3,
Snow Patrol,Greatest Hits,Make This Go On Forever,Alternative,,/songs/14 Snow Patrol - Make This Go On Forever.mp3,/image/cover-235.jpg
Taylor Swift,Essentials,Style,Pop,Freak37,/songs/14 Style.mp3,/image/cover-236.jpg
Ed Sheeran,=,Be Right Now,,PMEDIA,/songs/14. Be Right Now.mp3,/image/cover-237.jpg
John Mayer,Essentials,Bigger Than My Body,Rock,www.t.me/pmedia_music,/songs/14. Bigger Than My Body.mp3,/image/cover-238.jpg
Imagine Dragons,Origins (Deluxe),Burn Out,Alternative,Freak37,/songs/14. Burn Out.mp3,/image/cover-239.jpg
Snoop Dogg,BODR,Catch a Vibe (feat. HeyDeon),,PMEDIA,/songs/14. Catch a Vibe (feat. HeyDeon).mp3,/image/cover-240.jpg
"Calum Scott, Tiësto",Only Human (Deluxe),Dancing On My Own (Tiësto Remix),(13),https://musicriders.blogspot.com,/songs/14. Dancing On My Own (Tiësto Remix).mp3,/image/cover-241.jpg
Katy Perry,Smile (Deluxe),,Pop,Freak37,/songs/14. Message From Katy.mp3,/image/cover-242.jpg
Oasis,Oasis - Greatest Hits CD1,Stand By Me,,,/songs/14. Stand By Me.mp3,
Nirvana,Greatest Hits,The Man Who Sold The World,Grunge,,/songs/14.The Man Who Sold The World.mp3,/image/cover-244.jpg
Ed Sheeran,÷,Nancy Mulligan,,Freak37,/songs/15 - Nancy Mulligan.mp3,/image/cover-245.jpg
Dua Lipa,Dua Lipa,New Love,Indie Pop / Pop,Hunter,/songs/15 - New Love.mp3,/image/cover-246.jpg
Frank Sinatra,Platinum Selection,She's Funny That Way,"Vocal Jazz, Pop",Freak37,/songs/15 - She's Funny That Way.mp3,/image/cover-247.jpg
The Chainsmokers,100% Chainsmokers,The One,Pop,,/songs/15 - The Chainsmokers - The One.mp3,/image/cover-248.jpg
Coldplay,Greatest Songs,Up&Up,Rock / (131),https://musicriders.blogspot.com (or) Mega Zone Riders,/songs/15 - Up&Up.mp3,/image/cover-249.jpg
The Beatles,Magical Mystery Tour (Remastered),Hello Goodbye,(17)Rock,,/songs/15 hello goodbye.mp3,
ZAYN & Taylor Swift,Essentials,I Don’t Wanna Live Forever (Fifty Shades Darker),Pop,Freak37,/songs/15 I Don’t Wanna Live Forever (Fifty Shades Darker).mp3,/image/cover-251.jpg
John Mayer,Essentials,Belief,Pop,www.t.me/pmedia_music,/songs/15. Belief.mp3,/image/cover-252.jpg
Snoop Dogg,BODR,It’s In The Air (feat. Uncle Murda & JANE HANDCOCK),,PMEDIA,/songs/15. It’s In The Air (feat. Uncle Murda & JANE HANDCOCK).mp3,/image/cover-253.jpg
Imagine Dragons,Origins (Deluxe),Real Life,Alternative,Freak37,/songs/15. Real Life.mp3,/image/cover-254.jpg
Katy Perry,Smile (Deluxe),,Pop,Freak37,/songs/15. Small Talk.mp3,/image/cover-255.jpg
Dua Lipa,Dua Lipa,Bad Together,Indie Pop / Pop,Hunter,/songs/16 - Bad Together.mp3,/image/cover-256.jpg
Coldplay,Greatest Songs,Clocks,Rock / (131),https://musicriders.blogspot.com (or) Mega Zone Riders,/songs/16 - Clocks.mp3,/image/cover-257.jpg
Ed Sheeran,÷,Save Myself,,Freak37,/songs/16 - Save Myself.mp3,/image/cover-258.jpg
The Chainsmokers;Emily Warren,100% Chainsmokers,My Type,Pop,,/songs/16 - The Chainsmokers - My Type.mp3,/image/cover-259.jpg
Frank Sinatra,Platinum Selection,You Make Me Feel So Young,"Vocal Jazz, Pop",Freak37,/songs/16 - You Make Me Feel So Young.mp3,/image/cover-260.jpg
The Beatles,Abbey Road (Remastered),Here Comes The Sun,(17)Rock,,/songs/16 here comes the sun.mp3,
Taylor Swift,Essentials,Teardrops On My Guitar (Pop Version),Pop,Freak37,/songs/16 Teardrops On My Guitar (Pop Version).mp3,/image/cover-262.jpg
"John Mayer, Taylor Swift",Essentials,Half of My Heart,Rock,www.t.me/pmedia_music,/songs/16. Half of My Heart.mp3,/image/cover-263.jpg
Katy Perry,Smile (Deluxe),,Pop,Freak37,/songs/16. Never Worn White.mp3,/image/cover-264.jpg
Snoop Dogg,BODR,We Don’t Gotta Worry No More (feat. Wiz Khalifa),,PMEDIA,/songs/16. We Don’t Gotta Worry No More (feat. Wiz Khalifa).mp3,/image/cover-265.jpg
Dua Lipa,Dua Lipa,Last Dance,Indie Pop / Pop,Hunter,/songs/17 - Last Dance.mp3,/image/cover-266.jpg
Frank Sinatra,Platinum Selection,My Girl,"Vocal Jazz, Pop",Freak37,/songs/17 - My Girl.mp3,/image/cover-267.jpg
The Chainsmokers;Tritonal;Emily Warren,100% Chainsmokers,Until You Were Gone,Pop,,/songs/17 - The Chainsmokers - Until You Were Gone.mp3,/image/cover-268.jpg
Coldplay,Greatest Songs,Yellow,Rock / (131),https://musicriders.blogspot.com (or) Mega Zone Riders,/songs/17 - Yellow.mp3,/image/cover-269.jpg
Taylor Swift,Essentials,...Ready For It?,Pop,Freak37,/songs/17 ...Ready For It_.mp3,/image/cover-270.jpg
The Beatles,Help! (Remastered),Ticket To Ride,(17)Rock,,/songs/17 ticket to ride.mp3,
Katy Perry,Smile (Deluxe),,Pop,Freak37,/songs/17. Daisies (Acoustic).mp3,/image/cover-272.jpg
Snoop Dogg,BODR,Get This Dick (feat. Lil Duval & October London),,PMEDIA,/songs/17. Get This Dick (feat. Lil Duval & October London).mp3,/image/cover-273.jpg
John Mayer,Essentials,I Guess I Just Feel Like,Pop,www.t.me/pmedia_music,/songs/17. I Guess I Just Feel Like.mp3,/image/cover-274.jpg
,Oasis - Greatest Hits CD2,Oasis  I'm Outta Time,,,/songs/17. Oasis  I'm Outta Time.mp3,
Coldplay,Greatest Songs,Everglow,Rock / (131),https://musicriders.blogspot.com (or) Mega Zone Riders,/songs/18 - Everglow.mp3,/image/cover-276.jpg
Frank Sinatra,Platinum Selection,Our love is here to stay,"Vocal Jazz, Pop",Freak37,/songs/18 - Our love is here to stay.mp3,/image/cover-277.jpg
The Chainsmokers,100% Chainsmokers,Honest,Pop,,/songs/18 - The Chainsmokers - Honest.mp3,/image/cover-278.jpg
Taylor Swift,Essentials,Back To December,Pop,Freak37,/songs/18 Back To December.mp3,/image/cover-279.jpg
The Beatles,Beatles For Sale (Remastered),Eight Days A Week,(17)Rock,,/songs/18 eight days a week.mp3,
Katy Perry,Smile (Deluxe),,Pop,Freak37,/songs/18. Daisies (Oliver Heldens Remix).mp3,/image/cover-281.jpg
John Mayer,Essentials,Dreaming with a Broken Heart,Pop,www.t.me/pmedia_music,/songs/18. Dreaming with a Broken Heart.mp3,/image/cover-282.jpg
Snoop Dogg,BODR,Snoopy Don’t Go (feat. October London),,PMEDIA,/songs/18. Snoopy Don’t Go (feat. October London).mp3,/image/cover-283.jpg
Frank Sinatra,Platinum Selection,Bim Bam Baby,"Vocal Jazz, Pop",Freak37,/songs/19 - Bim Bam Baby.mp3,/image/cover-284.jpg
Coldplay,Greatest Songs,Every Teardrop Is A Waterfall,Rock / (131),https://musicriders.blogspot.com (or) Mega Zone Riders,/songs/19 - Every Teardrop Is A Waterfall.mp3,/image/cover-285.jpg
The Chainsmokers;Louane,100% Chainsmokers,It Won't Kill Ya,Pop,,/songs/19 - The Chainsmokers - It Won't Kill Ya.mp3,/image/cover-286.jpg
The Beatles,Please Please Me (Remastered),Love Me Do,(17)Rock,,/songs/19 love me do.mp3,
Taylor Swift,Essentials,Mine,Pop,Freak37,/songs/19 Mine.mp3,/image/cover-288.jpg
Katy Perry,Smile (Deluxe),,Pop,Freak37,/songs/19. Smile (feat. Diddy) [Bonus Track].mp3,/image/cover-289.jpg
John Mayer,Essentials,Who Says,Rock,www.t.me/pmedia_music,/songs/19. Who Says.mp3,/image/cover-290.jpg
The Chainsmokers;Nghtmre,100% Chainsmokers,Save Yourself,Pop,,/songs/2 - The Chainsmokers - Save Yourself.mp3,/image/cover-291.jpg
Taylor Swift,Essentials,Blank Space,Pop,Freak37,/songs/2 Blank Space.mp3,/image/cover-292.jpg
Katy Perry,Smile (Deluxe),,Pop,Freak37,/songs/2. Cry About It Later.mp3,/image/cover-293.jpg
Calum Scott,Only Human (Deluxe),Give Me Something,(13),https://musicriders.blogspot.com,/songs/2. Give Me Something.mp3,/image/cover-294.jpg
Frank Sinatra,Platinum Selection,High Hopes,"Vocal Jazz, Pop",Freak37,/songs/20 - High Hopes.mp3,/image/cover-295.jpg
Coldplay,Greatest Songs,Speed Of Sound,Rock / (131),https://musicriders.blogspot.com (or) Mega Zone Riders,/songs/20 - Speed Of Sound.mp3,/image/cover-296.jpg
The Chainsmokers;Emily Warren,100% Chainsmokers,Don't Say,Pop,,/songs/20 - The Chainsmokers - Don't Say.mp3,/image/cover-297.jpg
Taylor Swift,Essentials,Everything Has Changed (feat. Ed Sheeran),Pop,Freak37,/songs/20 Everything Has Changed (feat. Ed Sheeran).mp3,/image/cover-298.jpg
The Beatles,Magical Mystery Tour (Remastered),Strawberry Fields Forever,(17)Rock,,/songs/20 strawberry fields forever.mp3,
John Mayer,Essentials,Born and Raised,Rock,www.t.me/pmedia_music,/songs/20. Born and Raised.mp3,/image/cover-300.jpg
The Chainsmokers,100% Chainsmokers,Bloodstream,Pop,,/songs/21 - The Chainsmokers - Bloodstream.mp3,/image/cover-301.jpg
Taylor Swift,Essentials,Our Song,Pop,Freak37,/songs/21 Our Song.mp3,/image/cover-302.jpg
The Beatles,Please Please Me (Remastered),P.S. I Love You,(17)Rock,,/songs/21 p.s i love you.mp3,
John Mayer,Essentials,Wildfire,Rock,www.t.me/pmedia_music,/songs/21. Wildfire.mp3,/image/cover-304.jpg
The Chainsmokers,100% Chainsmokers,Break Up Every Night,Pop,,/songs/22 - The Chainsmokers - Break Up Every Night.mp3,/image/cover-305.jpg
Taylor Swift,Essentials,22,Pop,Freak37,/songs/22 22.mp3,/image/cover-306.jpg
The Beatles,Magical Mystery Tour (Remastered),Penny Lane,(17)Rock,,/songs/22 penny lane.mp3,
John Mayer,Essentials,Stop This Train,Pop,www.t.me/pmedia_music,/songs/22. Stop This Train.mp3,/image/cover-308.jpg
The Chainsmokers;Charlee,100% Chainsmokers,Inside Out,Pop,,/songs/23 - The Chainsmokers - Inside Out.mp3,/image/cover-309.jpg
Taylor Swift,Essentials,Fifteen,Pop,Freak37,/songs/23 Fifteen.mp3,/image/cover-310.jpg
The Beatles,Let It Be (Remastered),Get Back,(17)Rock,,/songs/23 get back.mp3,
John Mayer,Essentials,Carry Me Away,Pop,www.t.me/pmedia_music,/songs/23. Carry Me Away.mp3,/image/cover-312.jpg
The Chainsmokers;Great Good Fine OK,100% Chainsmokers,Let You Go (Radio Edit),Pop,,/songs/24 - The Chainsmokers - Let You Go (Radio Edit).mp3,/image/cover-313.jpg
The Beatles,A Hard Day's Night (Remastered),I'll Be Back,(17)Rock,,/songs/24 i'll be back.mp3,
Taylor Swift,Essentials,Sparks Fly,Pop,Freak37,/songs/24 Sparks Fly.mp3,/image/cover-315.jpg
John Mayer,Essentials,Something Like Olivia (Album Version),Rock,www.t.me/pmedia_music,/songs/24. Something Like Olivia (Album Version).mp3,/image/cover-316.jpg
The Chainsmokers;Jhené Aiko,100% Chainsmokers,Wake Up Alone,Pop,,/songs/25 - The Chainsmokers - Wake Up Alone.mp3,/image/cover-317.jpg
Taylor Swift,Essentials,Picture To Burn,Pop,Freak37,/songs/25 Picture To Burn.mp3,/image/cover-318.jpg
The Beatles,Abbey Road (Remastered),She Came In Through The Bathroom Window,(17)Rock,,/songs/25 she came through the bathroom window.mp3,
John Mayer,Essentials,Paper Doll,Rock,www.t.me/pmedia_music,/songs/25. Paper Doll.mp3,/image/cover-320.jpg
The Chainsmokers;XYLØ,100% Chainsmokers,Setting Fires,Pop,,/songs/26 - The Chainsmokers - Setting Fires.mp3,/image/cover-321.jpg
Tim McGraw,Essentials,Highway Don't Care (feat. Taylor Swift & Keith Urban),Pop,Freak37,/songs/26 Highway Don't Care (feat. Taylor Swift & Keith Urban).mp3,/image/cover-322.jpg
The Beatles,Help! (Remastered),Yesterday,(17)Rock,,/songs/26 yesterday.mp3,
The Chainsmokers,100% Chainsmokers,New York City,Pop,,/songs/27 - The Chainsmokers - New York City.mp3,/image/cover-324.jpg
The Beatles,Abbey Road (Remastered),Golden Slumbers,(17)Rock,,/songs/27 golden slumbers.mp3,
Taylor Swift,Essentials,Red,Pop,Freak37,/songs/27 Red.mp3,/image/cover-326.jpg
The Chainsmokers;Waterbed,100% Chainsmokers,Waterbed,Pop,,/songs/28 - The Chainsmokers - Waterbed.mp3,/image/cover-327.jpg
The Beatles,The Beatles (The White Album) (Remastered),"Ob-La-Di, Ob-La-Da",(17)Rock,,/songs/28 ob la di ob la da.mp3,
Taylor Swift,Essentials,White Horse,Pop,Freak37,/songs/28 White Horse.mp3,/image/cover-329.jpg
The Chainsmokers;sirenXX,100% Chainsmokers,Kanye,Pop,,/songs/29 - The Chainsmokers - Kanye.mp3,/image/cover-330.jpg
Taylor Swift,Essentials,Begin Again,Pop,Freak37,/songs/29 Begin Again.mp3,/image/cover-331.jpg
The Beatles,Past Masters (Remastered),I Want To Hold Your Hand,(17)Rock,,/songs/29 i wanna hold your hand.mp3,
The Chainsmokers;Drew Love,100% Chainsmokers,Somebody,Pop,,/songs/3 - The Chainsmokers - Somebody.mp3,/image/cover-333.jpg
Taylor Swift,Essentials,Shake It Off,Pop,Freak37,/songs/3 Shake It Off.mp3,/image/cover-334.jpg
Calum Scott,Only Human (Deluxe),Rhythm Inside,(13),https://musicriders.blogspot.com,/songs/3. Rhythm Inside.mp3,/image/cover-335.jpg
Katy Perry,Smile (Deluxe),,Pop,Freak37,/songs/3. Teary Eyes.mp3,/image/cover-336.jpg
The Chainsmokers;Florida Georgia Line,100% Chainsmokers,Last Day Alive,Pop,,/songs/30 - The Chainsmokers - Last Day Alive.mp3,/image/cover-337.jpg
Taylor Swift,Essentials,Out Of The Woods,Pop,Freak37,/songs/30 Out Of The Woods.mp3,/image/cover-338.jpg
The Beatles,The Beatles (The White Album) (Remastered),While My Guitar Gently Weeps,(17)Rock,,/songs/30 while my guitar gently weeps.mp3,
The Beatles,Past Masters (Remastered),Long Tall Sally,(17)Rock,,/songs/31 long tall sally.mp3,
The Beatles,Past Masters (Remastered),Lady Madonna,(17)Rock,,/songs/32 lady madonna.mp3,
The Beatles,Past Masters (Remastered),Hey Jude,(17)Rock,,/songs/33 hey jude.mp3,
The Beatles,Past Masters (Remastered),Revolution,(17)Rock,,/songs/34 revolution.mp3,
The Beatles,Past Masters (Remastered),Don't Let Me Down,(17)Rock,,/songs/35 don't let me down.mp3,
The Beatles,Past Masters (Remastered),The Ballad Of John And Yoko,(17)Rock,,/songs/36 the ballad of john and yoko.mp3,
The Beatles,Past Masters (Remastered),Let It Be,(17)Rock,,/songs/37 let it be.mp3,
The Beatles,Sgt. Peppers Lonely Hearts Club Band (Remastered),Sgt. Pepper's Lonely Hearts Club Band,(17)Rock,,/songs/38 sgt. peppers lonely hearts club band.mp3,
The Beatles,Sgt. Peppers Lonely Hearts Club Band (Remastered),With A Little Help From My Friends,(17)Rock,,/songs/39 with a little help from my friends.mp3,
The Chainsmokers;Halsey,100% Chainsmokers,Closer,Pop,,/songs/4 - The Chainsmokers - Closer.mp3,/image/cover-349.jpg
Taylor Swift,Essentials,Call It What You Want,Pop,Freak37,/songs/4 Call It What You Want.mp3,/image/cover-350.jpg
Katy Perry,Smile (Deluxe),,Pop,Freak37,/songs/4. Daisies.mp3,/image/cover-351.jpg
"Calum Scott, Dawn Connie Morton-Young, Isaac Opoku-Kyerematen, Jayando Cole, Keshia Smith, Kwaku Agyemang, Nathan J Gardner, Rebecca Thomas, Shola Graham, Simone Brown",Only Human (Deluxe),You Are The Reason,(13),https://musicriders.blogspot.com,/songs/4. You Are The Reason.mp3,/image/cover-352.jpg
The Beatles,Sgt. Peppers Lonely Hearts Club Band (Remastered),Sgt Pepper's Lonely Hearts Club Band (Reprise),(17)Rock,,/songs/40 sgt peppers lonely hearts club band (reprise).mp3,
The Beatles,Sgt. Peppers Lonely Hearts Club Band (Remastered),A Day In The Life,(17)Rock,,/songs/41 a day in the life.mp3,
The Chainsmokers;Coldplay,100% Chainsmokers,Something Just Like This,Pop,,/songs/5 - The Chainsmokers - Something Just Like This.mp3,/image/cover-355.jpg
Taylor Swift,Essentials,I Knew You Were Trouble,Pop,Freak37,/songs/5 I Knew You Were Trouble..mp3,/image/cover-356.jpg
Calum Scott,Only Human (Deluxe),Come Back Home,(13),https://musicriders.blogspot.com,/songs/5. Come Back Home.mp3,/image/cover-357.jpg
Katy Perry,Smile (Deluxe),,Pop,Freak37,/songs/5. Resilient.mp3,/image/cover-358.jpg
The Chainsmokers;Daya,100% Chainsmokers,Don't Let Me Down,Pop,,/songs/6 - The Chainsmokers - Don't Let Me Down.mp3,/image/cover-359.jpg
Taylor Swift,Essentials,End Game,Pop,Freak37,/songs/6 End Game (feat. Ed Sheeran & Future).mp3,/image/cover-360.jpg
Katy Perry,Smile (Deluxe),,Pop,Freak37,/songs/6. Not the End of the World.mp3,/image/cover-361.jpg
Calum Scott,Only Human (Deluxe),Stop Myself (Only Human),(13),https://musicriders.blogspot.com,/songs/6. Stop Myself (Only Human).mp3,/image/cover-362.jpg
The Chainsmokers,100% Chainsmokers,Paris,Pop,,/songs/7 - The Chainsmokers - Paris.mp3,/image/cover-363.jpg
Taylor Swift,Essentials,You Belong With Me,Pop,Freak37,/songs/7 You Belong With Me.mp3,/image/cover-364.jpg
Calum Scott,Only Human (Deluxe),Dancing On My Own,(13),https://musicriders.blogspot.com,/songs/7. Dancing On My Own.mp3,/image/cover-365.jpg
Katy Perry,Smile (Deluxe),,Pop,Freak37,/songs/7. Smile.mp3,/image/cover-366.jpg
Tiësto;The Chainsmokers,100% Chainsmokers,Split (Only U),Pop,,/songs/8 - Tiësto - Split (Only U).mp3,/image/cover-367.jpg
Taylor Swift,Essentials,Love Story,Pop,Freak37,/songs/8 Love Story.mp3,/image/cover-368.jpg
Katy Perry,Smile (Deluxe),,Pop,Freak37,/songs/8. Champagne Problems.mp3,/image/cover-369.jpg
Calum Scott,Only Human (Deluxe),Only You,(13),https://musicriders.blogspot.com,/songs/8. Only You.mp3,/image/cover-370.jpg
The Chainsmokers,100% Chainsmokers,Sick Boy,Pop,,/songs/9 - The Chainsmokers - Sick Boy.mp3,/image/cover-371.jpg
Taylor Swift,Essentials,Look What You Made Me Do,Pop,Freak37,/songs/9 Look What You Made Me Do.mp3,/image/cover-372.jpg
Katy Perry,Smile (Deluxe),,Pop,Freak37,/songs/9. Tucked.mp3,/image/cover-373.jpg
"Calum Scott, Dawn Connie Morton-Young, Isaac Opoku-Kyerematen, Jayando Cole, Keshia Smith, Kwaku Agyemang, Nathan J Gardner, Rebecca Thomas, Shola Graham, Simone Brown",Only Human (Deluxe),Won’t Let You Down,(13),https://musicriders.blogspot.com,/songs/9. Won’t Let You Down.mp3,/image/cover-374.jpg
